slug,type,url,status,title,title_len,meta_description,desc_len,canonical,robots,lang,h1_count,h1,h2_count,word_count,jsonld_types,og_image,images,images_missing_alt,page_height_px
home,page,https://pricelinepacificfair.com.au/,200,Pharmacy & Chemist Broadbeach | Priceline Pacific Fair,54,"Your local pharmacy inside Pacific Fair, Broadbeach. Fast scripts, walk-in vaccinations, bulk-billing GPs in store, skincare advice and Uber Eats delivery.",155,https://pricelinepacificfair.com.au/,"index, follow, max-image-preview:large, max-snippet:-1, max-video-preview:-1",en-AU,1,"Your local pharmacy at Pacific Fair, Broadbeach. Your well-being is our priority.",5,303,WebPage ImageObject BreadcrumbList WebSite Organization Pharmacy,https://pricelinepacificfair.com.au/wp-content/uploads/2025/08/beautyImg.jpg,17,0,4652
pharmacy-services,page,https://pricelinepacificfair.com.au/pharmacy-services/,200,Pharmacy Services in Broadbeach | Priceline Pacific Fair,56,"Vaccinations, Webster packs, contraceptive pill consults, health checks, passport photos, ear piercing and more at Priceline Pacific Fair, Broadbeach.",150,https://pricelinepacificfair.com.au/pharmacy-services/,"index, follow, max-image-preview:large, max-snippet:-1, max-video-preview:-1",en-AU,1,Pharmacy Services at Pacific Fair,6,355,WebPage ImageObject WebSite Organization Pharmacy,https://pricelinepacificfair.com.au/wp-content/uploads/2017/05/Natural-Hormone-Replacement-Compounding.png,0,0,2554
vaccination-information,page,https://pricelinepacificfair.com.au/vaccination-information/,200,"Vaccinations at Pacific Fair, Broadbeach | Walk-ins Welcome",59,"Flu, whooping cough, shingles, COVID-19 and travel vaccines at Pacific Fair, Broadbeach. Walk in or book online. Free government vaccines with no service fee.",158,https://pricelinepacificfair.com.au/vaccination-information/,"index, follow, max-image-preview:large, max-snippet:-1, max-video-preview:-1",en-AU,1,"Vaccinations at Pacific Fair, Broadbeach",9,666,WebPage ImageObject WebSite Organization Pharmacy,https://pricelinepacificfair.com.au/wp-content/uploads/2025/02/cropped-IMG_5109-150x150.png,0,0,3531
passport-photos,page,https://pricelinepacificfair.com.au/passport-photos/,200,"Passport Photos Pacific Fair, Broadbeach | $25, No Booking",58,"Australian and overseas passport and visa photos taken while you wait at Priceline Pacific Fair, Broadbeach. $25, ages 5 and over, no appointment needed.",153,https://pricelinepacificfair.com.au/passport-photos/,"index, follow, max-image-preview:large, max-snippet:-1, max-video-preview:-1",en-AU,1,Passport & Visa Photos at Pacific Fair,4,186,WebPage ImageObject WebSite Organization Pharmacy,https://pricelinepacificfair.com.au/wp-content/uploads/2024/04/Passport1.jpg,1,0,2094
national-diabetes-services-scheme,page,https://pricelinepacificfair.com.au/national-diabetes-services-scheme/,200,NDSS & Diabetes Supplies Broadbeach | Priceline Pacific Fair,60,"Collect NDSS diabetes supplies at Pacific Fair, Broadbeach, including test strips, glucose sensors and needles, with pharmacist advice on managing diabetes.",156,https://pricelinepacificfair.com.au/national-diabetes-services-scheme/,"index, follow, max-image-preview:large, max-snippet:-1, max-video-preview:-1",en-AU,1,Diabetes Supplies & the NDSS at Pacific Fair,5,298,WebPage ImageObject WebSite Organization Pharmacy,https://pricelinepacificfair.com.au/wp-content/uploads/2025/07/freestyleLibre.webp,0,0,2238
medication-reviews,page,https://pricelinepacificfair.com.au/medication-reviews/,200,Free Medication Reviews | Priceline Pharmacy Pacific Fair,57,"Taking several medicines? Get a free medication review with a pharmacist at Priceline Pacific Fair, Broadbeach, for Medicare card holders. No booking needed.",157,https://pricelinepacificfair.com.au/medication-reviews/,"index, follow, max-image-preview:large, max-snippet:-1, max-video-preview:-1",en-AU,1,Medication Reviews at Pacific Fair,4,256,WebPage ImageObject WebSite Organization Pharmacy,https://pricelinepacificfair.com.au/wp-content/uploads/2024/07/Temp-Diabetes-Pic.png,0,0,2032
medication-packing,page,https://pricelinepacificfair.com.au/medication-packing/,200,Webster Packs & Medication Packing Broadbeach | Priceline,57,"Weekly medication packing at Pacific Fair, Broadbeach. Free for concession and health care card holders, $5 a week otherwise. Ideal for carers and families.",156,https://pricelinepacificfair.com.au/medication-packing/,"index, follow, max-image-preview:large, max-snippet:-1, max-video-preview:-1",en-AU,1,Medication Packing (Webster Packs) at Pacific Fair,7,395,WebPage ImageObject WebSite Organization Pharmacy,https://pricelinepacificfair.com.au/wp-content/uploads/2024/07/Scripts-in-1024x639.jpg,0,0,2460
health-station,page,https://pricelinepacificfair.com.au/health-station/,200,Free Blood Pressure Checks Broadbeach | Priceline,49,"Free blood pressure, weight, BMI and type 2 diabetes risk checks at the Health Station inside Priceline Pacific Fair, Broadbeach. Results emailed to you.",153,https://pricelinepacificfair.com.au/health-station/,"index, follow, max-image-preview:large, max-snippet:-1, max-video-preview:-1",en-AU,1,Health Station: Free Blood Pressure & Health Checks,5,351,WebPage ImageObject WebSite Organization Pharmacy,https://pricelinepacificfair.com.au/wp-content/uploads/revslider/home/slider_02-e1752477948202-1024x640.jpg,0,0,2397
skincare-tanning,page,https://pricelinepacificfair.com.au/skincare-tanning/,200,Skincare Gold Coast | Pharmacy Skin Advice at Pacific Fair,58,"Skincare advice and pharmacy skincare brands at Priceline Pacific Fair, Broadbeach. Help for sensitive, dry, ageing and breakout-prone skin, plus self-tan.",155,https://pricelinepacificfair.com.au/skincare-tanning/,"index, follow, max-image-preview:large, max-snippet:-1, max-video-preview:-1",en-AU,1,Skincare & Self-Tan at Pacific Fair,7,533,WebPage ImageObject WebSite Organization Pharmacy,https://pricelinepacificfair.com.au/wp-content/uploads/2024/07/Skincare-Photo-e1720745735524.jpg,1,0,3433
ear-piercings,page,https://pricelinepacificfair.com.au/ear-piercings/,200,"Ear Piercing at Pacific Fair, Broadbeach | Walk-ins Welcome",59,"Ear piercing at Priceline Pacific Fair, Broadbeach: $65 including earrings, aftercare spray and a consultation. Walk-ins welcome, ages 8 and over.",146,https://pricelinepacificfair.com.au/ear-piercings/,"index, follow, max-image-preview:large, max-snippet:-1, max-video-preview:-1",en-AU,1,Ear Piercing at Pacific Fair,4,343,WebPage ImageObject WebSite Organization Pharmacy,https://pricelinepacificfair.com.au/wp-content/uploads/2024/04/ear-piercing5.jpg,1,0,2697
click-and-collect,page,https://pricelinepacificfair.com.au/click-and-collect/,200,"Click & Collect at Priceline Pacific Fair, Broadbeach",53,"Shop online at priceline.com.au and collect from Priceline Pacific Fair, Broadbeach. Orders are usually ready within 15 minutes. Here's how it works.",149,https://pricelinepacificfair.com.au/click-and-collect/,"index, follow, max-image-preview:large, max-snippet:-1, max-video-preview:-1",en-AU,1,Click & Collect at Pacific Fair,3,194,WebPage ImageObject WebSite Organization Pharmacy,https://pricelinepacificfair.com.au/wp-content/uploads/2024/07/Step-1-Mockup-e1720753011687-1024x705.png,0,0,1755
audiology-services,page,https://pricelinepacificfair.com.au/audiology-services/,200,Hearing Tests & Ear Wax Removal at Pacific Fair,47,"Looking for a hearing test or ear wax removal at Pacific Fair? Find Simply Hearing inside the centre, plus ear care advice from our pharmacists.",144,https://pricelinepacificfair.com.au/audiology-services/,"index, follow, max-image-preview:large, max-snippet:-1, max-video-preview:-1",en-AU,1,Hearing Tests & Ear Wax Removal at Pacific Fair,3,249,WebPage ImageObject WebSite Organization Pharmacy,https://pricelinepacificfair.com.au/wp-content/uploads/2025/07/simplyHearing-1024x279.png,0,0,1941
hormonal-contraceptive-pill,page,https://pricelinepacificfair.com.au/hormonal-contraceptive-pill/,200,Contraception from a Pharmacist | Broadbeach Pharmacy,53,"Start, change or continue the pill, vaginal ring or contraceptive injection with a trained pharmacist at Pacific Fair, Broadbeach. $35 consultation.",148,https://pricelinepacificfair.com.au/hormonal-contraceptive-pill/,"index, follow, max-image-preview:large, max-snippet:-1, max-video-preview:-1",en-AU,1,Contraception Consultations with a Pharmacist,8,525,WebPage ImageObject WebSite Organization Pharmacy,https://pricelinepacificfair.com.au/wp-content/uploads/2025/07/pillConsultation.jpg,0,0,3106
book-a-hormonal-contraceptive-pill-appointment,page,https://pricelinepacificfair.com.au/book-a-hormonal-contraceptive-pill-appointment/,200,Book a Contraception Consult | Priceline Pacific Fair,53,"Book a contraception consultation with a trained pharmacist at Priceline Pacific Fair, Broadbeach. Call (07) 5592 2099. Consultations cost $35.",143,https://pricelinepacificfair.com.au/book-a-hormonal-contraceptive-pill-appointment/,"index, follow, max-image-preview:large, max-snippet:-1, max-video-preview:-1",en-AU,1,Book a Contraception Consultation,0,121,WebPage WebSite Organization Pharmacy,,0,0,1401
weight-loss-counselling-and-advice,page,https://pricelinepacificfair.com.au/weight-loss-counselling-and-advice/,200,Free Weight Management Support | Priceline Pacific Fair,55,"Free one-on-one weight management support from our pharmacists at Pacific Fair, Broadbeach, including help if you've been prescribed a weight-loss medicine.",156,https://pricelinepacificfair.com.au/weight-loss-counselling-and-advice/,"index, follow, max-image-preview:large, max-snippet:-1, max-video-preview:-1",en-AU,1,Weight Management Support at Pacific Fair,6,483,WebPage ImageObject WebSite Organization Pharmacy,https://pricelinepacificfair.com.au/wp-content/uploads/2025/07/weightLoss.png,0,0,2516
metagenics-vitamins,page,https://pricelinepacificfair.com.au/metagenics-vitamins/,200,Metagenics Stockist Gold Coast | Priceline Pacific Fair,55,"Metagenics practitioner vitamins and supplements at Priceline Pacific Fair, Broadbeach, with pharmacist advice on what suits you. We can order any product in.",158,https://pricelinepacificfair.com.au/metagenics-vitamins/,"index, follow, max-image-preview:large, max-snippet:-1, max-video-preview:-1",en-AU,1,Metagenics at Priceline Pacific Fair,5,236,WebPage ImageObject WebSite Organization Pharmacy,https://pricelinepacificfair.com.au/wp-content/uploads/2024/07/Temp-Diabetes-Pic.png,0,0,1974
prescriptions,page,https://pricelinepacificfair.com.au/prescriptions/,200,Prescriptions & eScripts Broadbeach | Priceline Pacific Fair,60,"Fill paper scripts and eScripts fast at Pacific Fair, Broadbeach. Send scripts ahead with the app, Active Script Lists, hospital scripts and hard-to-find medicines.",164,https://pricelinepacificfair.com.au/prescriptions/,"index, follow, max-image-preview:large, max-snippet:-1, max-video-preview:-1",en-AU,1,"Prescriptions at Pacific Fair, Broadbeach",8,593,WebPage WebSite Organization Pharmacy,,0,0,3155
delivery,page,https://pricelinepacificfair.com.au/delivery/,200,Pharmacy Delivery Gold Coast | Uber Eats & Click and Collect,60,"Order health, beauty and wellbeing products from Priceline Pacific Fair on Uber Eats, delivered anywhere on the Gold Coast, or click and collect in Broadbeach.",159,https://pricelinepacificfair.com.au/delivery/,"index, follow, max-image-preview:large, max-snippet:-1, max-video-preview:-1",en-AU,1,Delivery & Click and Collect,3,330,WebPage WebSite Organization Pharmacy,,0,0,2099
travel-health,page,https://pricelinepacificfair.com.au/travel-health/,200,Travel Vaccinations & Travel Health | Priceline Pacific Fair,60,"Heading overseas? Get travel vaccines, travel health advice and a travel kit sorted at Priceline Pacific Fair, Broadbeach. Walk in or book ahead.",145,https://pricelinepacificfair.com.au/travel-health/,"index, follow, max-image-preview:large, max-snippet:-1, max-video-preview:-1",en-AU,1,Travel Health & Travel Vaccinations,6,490,WebPage WebSite Organization Pharmacy,,0,0,2809
uti-treatment,page,https://pricelinepacificfair.com.au/uti-treatment/,200,UTI Treatment from a Pharmacist | Priceline Pacific Fair,56,"Women aged 18 to 65 with UTI symptoms can see a trained pharmacist at Pacific Fair, Broadbeach, for assessment and, if suitable, treatment without a GP visit.",158,https://pricelinepacificfair.com.au/uti-treatment/,"index, follow, max-image-preview:large, max-snippet:-1, max-video-preview:-1",en-AU,1,UTI Treatment with a Pharmacist,6,393,WebPage WebSite Organization Pharmacy,,0,0,2731
womens-health,page,https://pricelinepacificfair.com.au/womens-health/,200,Women's Health Pharmacy Gold Coast | Priceline Pacific Fair,59,"Contraception, UTI treatment, pregnancy, menopause and everyday women's health support from our pharmacists at Priceline Pacific Fair in Broadbeach.",148,https://pricelinepacificfair.com.au/womens-health/,"index, follow, max-image-preview:large, max-snippet:-1, max-video-preview:-1",en-AU,1,Women's Health at Pacific Fair,7,388,WebPage WebSite Organization Pharmacy,,0,0,2513
beauty-fragrance,page,https://pricelinepacificfair.com.au/beauty-fragrance/,200,"Beauty, Makeup & Fragrance at Pacific Fair | Priceline",54,"Makeup, fragrance, dental care and men's grooming with expert advice from our beauty team at Priceline Pacific Fair, Broadbeach. Visit us or order on Uber Eats.",160,https://pricelinepacificfair.com.au/beauty-fragrance/,"index, follow, max-image-preview:large, max-snippet:-1, max-video-preview:-1",en-AU,1,Beauty & Fragrance at Pacific Fair,6,408,WebPage WebSite Organization Pharmacy,,0,0,2429
vitamins-supplements,page,https://pricelinepacificfair.com.au/vitamins-supplements/,200,Vitamins & Supplements Gold Coast | Priceline Pacific Fair,58,"Vitamins and supplements, including practitioner ranges, with pharmacist advice on what suits you and your medicines. Priceline Pacific Fair, Broadbeach.",153,https://pricelinepacificfair.com.au/vitamins-supplements/,"index, follow, max-image-preview:large, max-snippet:-1, max-video-preview:-1",en-AU,1,"Vitamins & Supplements, with a Pharmacist's Advice",5,339,WebPage WebSite Organization Pharmacy,,0,0,2367
help-medical,page,https://pricelinepacificfair.com.au/help-medical/,200,Bulk-Billing GP at Pacific Fair | Help Medical in Priceline,59,"See a GP at Help Medical, inside Priceline Pacific Fair, Broadbeach. Open 7 days, walk-ins welcome and bulk billing for eligible patients. Book online.",151,https://pricelinepacificfair.com.au/help-medical/,"index, follow, max-image-preview:large, max-snippet:-1, max-video-preview:-1",en-AU,1,Help Medical: GPs Inside Priceline Pacific Fair,7,428,WebPage ImageObject WebSite Organization Pharmacy,https://pricelinepacificfair.com.au/wp-content/uploads/2026/06/Help_Medical_10052022-11-2048x1365-1-1024x683.jpg,4,0,4417
appointments,page,https://pricelinepacificfair.com.au/appointments/,200,Book an Appointment | Priceline Pharmacy Pacific Fair,53,"Book a vaccination, contraceptive pill consultation, GP or hearing appointment at Priceline Pacific Fair, Broadbeach, or walk in for most services.",147,https://pricelinepacificfair.com.au/appointments/,"index, follow, max-image-preview:large, max-snippet:-1, max-video-preview:-1",en-AU,1,Book an Appointment,1,177,WebPage ImageObject WebSite Organization Pharmacy,https://pricelinepacificfair.com.au/wp-content/uploads/2025/02/cropped-IMG_5109-1.png,0,0,1580
download-the-priceline-app,page,https://pricelinepacificfair.com.au/download-the-priceline-app/,200,Priceline App: Script Reminders & Orders | Pacific Fair,55,"Use the Priceline Pharmacy app to order scripts, get refill reminders and track your Sister Club points, then collect at Pacific Fair, Broadbeach.",146,https://pricelinepacificfair.com.au/download-the-priceline-app/,"index, follow, max-image-preview:large, max-snippet:-1, max-video-preview:-1",en-AU,1,Download the Priceline Pharmacy App,4,176,WebPage ImageObject WebSite Organization Pharmacy,https://pricelinepacificfair.com.au/wp-content/uploads/2024/07/5f4ebf8b732-e1721274841181-642x1024.png,0,0,1792
health-blog,page,https://pricelinepacificfair.com.au/health-blog/,200,Health Advice from Gold Coast Pharmacists | Priceline,53,"Practical health, skincare and wellbeing advice from the pharmacists at Priceline Pacific Fair, Broadbeach. Local, pharmacist-reviewed and easy to read.",152,https://pricelinepacificfair.com.au/health-blog/,"index, follow, max-image-preview:large, max-snippet:-1, max-video-preview:-1",en-AU,1,Health Advice from Our Pharmacists,4,275,WebPage ImageObject WebSite Organization Pharmacy,https://pricelinepacificfair.com.au/wp-content/uploads/2025/07/health1.png,0,0,2279
frequently-asked-questions,page,https://pricelinepacificfair.com.au/frequently-asked-questions/,200,"Pharmacy FAQs | Priceline Pharmacy Pacific Fair, Broadbeach",59,"Answers to common questions about hospital scripts, walk-in vaccinations, seeing a GP without an appointment, returning old medicines and more.",143,https://pricelinepacificfair.com.au/frequently-asked-questions/,"index, follow, max-image-preview:large, max-snippet:-1, max-video-preview:-1",en-AU,1,Frequently Asked Questions,5,855,WebPage WebSite Organization Pharmacy,,0,0,4149
common-illness-information,page,https://pricelinepacificfair.com.au/common-illness-information/,200,Common Illnesses A-Z: Pharmacist Advice | Priceline,51,"Plain-English pharmacist guides to 21 common conditions, from hayfever and reflux to cold sores and sprains, including when to see a GP.",136,https://pricelinepacificfair.com.au/common-illness-information/,"index, follow, max-image-preview:large, max-snippet:-1, max-video-preview:-1",en-AU,1,Common Illnesses A–Z,5,406,WebPage WebSite Organization Pharmacy,,0,0,2472
about-us,page,https://pricelinepacificfair.com.au/about-us/,200,About Our Locally Owned Pharmacy | Priceline Pacific Fair,57,"Meet the team at Priceline Pharmacy Pacific Fair, a locally owned Broadbeach pharmacy known for genuine care, expert advice and great service.",142,https://pricelinepacificfair.com.au/about-us/,"index, follow, max-image-preview:large, max-snippet:-1, max-video-preview:-1",en-AU,1,About Priceline Pharmacy Pacific Fair,3,382,WebPage ImageObject WebSite Organization Pharmacy,https://pricelinepacificfair.com.au/wp-content/uploads/2024/08/Web_temp-scaled.jpg,0,0,2171
visit-us,page,https://pricelinepacificfair.com.au/visit-us/,200,Opening Hours & Location | Priceline Pacific Fair Broadbeach,60,"Find us on the ground floor of Pacific Fair, Broadbeach. Open 7 days and until 9pm on Thursdays. Parking tips, light rail and in-centre directions.",147,https://pricelinepacificfair.com.au/visit-us/,"index, follow, max-image-preview:large, max-snippet:-1, max-video-preview:-1",en-AU,1,Opening Hours & How to Find Us,5,362,WebPage ImageObject WebSite Organization Pharmacy,https://pricelinepacificfair.com.au/wp-content/uploads/2025/07/health1.png,0,0,2574
contact-us,page,https://pricelinepacificfair.com.au/contact-us/,200,Contact Priceline Pharmacy Pacific Fair | (07) 5592 2099,56,"Call (07) 5592 2099, email your script or send us a message. Priceline Pharmacy Pacific Fair, Shop 81, Pacific Fair Shopping Centre, Broadbeach QLD 4218.",153,https://pricelinepacificfair.com.au/contact-us/,"index, follow, max-image-preview:large, max-snippet:-1, max-video-preview:-1",en-AU,1,Contact Us,5,193,WebPage ImageObject WebSite Organization Pharmacy,https://pricelinepacificfair.com.au/wp-content/uploads/2025/02/cropped-IMG_5109-1.png,0,0,1907
terms-and-conditions,page,https://pricelinepacificfair.com.au/terms-and-conditions/,200,Website Terms & Conditions | Priceline Pharmacy Pacific Fair,60,"The terms and conditions that apply when you use the Priceline Pharmacy Pacific Fair website, including copyright, links and the limits of health information.",158,https://pricelinepacificfair.com.au/terms-and-conditions/,"index, follow, max-image-preview:large, max-snippet:-1, max-video-preview:-1",en-AU,1,TERMS & CONDITIONS,0,1398,WebPage WebSite Organization Pharmacy,,0,0,2777
privacy-policy,page,https://pricelinepacificfair.com.au/privacy-policy/,200,Privacy Policy | Priceline Pharmacy Pacific Fair,48,"How Priceline Pharmacy Pacific Fair in Broadbeach collects, uses, stores and protects your personal and health information on our website and in store.",151,https://pricelinepacificfair.com.au/privacy-policy/,"index, follow, max-image-preview:large, max-snippet:-1, max-video-preview:-1",en-AU,1,PRIVACY POLICY,0,1152,WebPage WebSite Organization Pharmacy,,0,0,3263
sun-safety-gold-coast,blog,https://pricelinepacificfair.com.au/sun-safety-gold-coast/,200,Sun Safety on the Gold Coast | Priceline Pacific Fair,53,"Gold Coast UV hits 3+ every day, even in winter. Simple sun safety for beach days, the school run and car parks, plus when to get a spot checked by a GP.",153,https://pricelinepacificfair.com.au/sun-safety-gold-coast/,"index, follow, max-image-preview:large, max-snippet:-1, max-video-preview:-1",en-AU,1,SUN SAFETY ON THE GOLD COAST: WHY UV IS A YEAR-ROUND JOB,8,1502,Article WebPage WebSite Organization Person Pharmacy,,0,0,5556
bluebottle-sting-treatment,blog,https://pricelinepacificfair.com.au/bluebottle-sting-treatment/,200,Bluebottle Sting Treatment | Priceline Pacific Fair,51,"Stung by a bluebottle on the Gold Coast? Step-by-step first aid from Australian guidelines, myths to ignore (vinegar, urine) and when to call 000.",146,https://pricelinepacificfair.com.au/bluebottle-sting-treatment/,"index, follow, max-image-preview:large, max-snippet:-1, max-video-preview:-1",en-AU,1,BLUEBOTTLE STING TREATMENT: WHAT TO DO (AND WHAT NOT TO DO),7,1283,Article WebPage WebSite Organization Person Pharmacy,,0,0,4983
sunburn-treatment,blog,https://pricelinepacificfair.com.au/sunburn-treatment/,200,Sunburn Treatment: What to Do | Priceline Pacific Fair,54,"Sunburn treatment step by step: cool, soothe and protect burnt skin, and know when to see a GP. Pharmacist tips for Gold Coast beach days and holidays.",151,https://pricelinepacificfair.com.au/sunburn-treatment/,"index, follow, max-image-preview:large, max-snippet:-1, max-video-preview:-1",en-AU,1,SUNBURN TREATMENT: WHAT TO DO AFTER TOO MUCH SUN,9,1222,Article WebPage WebSite Organization Person Pharmacy,,0,0,5321
dandruff-treatment,blog,https://pricelinepacificfair.com.au/dandruff-treatment/,200,Dandruff Treatment Q&A | Priceline Pacific Fair,47,"Dandruff treatment explained: causes, medicated shampoos, home tips and when to see a GP. Handy advice for Gold Coast swimmers who wash their hair often.",153,https://pricelinepacificfair.com.au/dandruff-treatment/,"index, follow, max-image-preview:large, max-snippet:-1, max-video-preview:-1",en-AU,1,DANDRUFF TREATMENT: YOUR QUESTIONS ANSWERED,10,1091,Article WebPage WebSite Organization Person Pharmacy,,0,0,4851
how-to-treat-a-cut,blog,https://pricelinepacificfair.com.au/how-to-treat-a-cut/,200,How to Treat a Cut: First Aid | Priceline Pacific Fair,54,"How to treat a cut or scrape: stop bleeding, clean, cover and spot infection. Plus tetanus advice and red flags for Gold Coast beach and holiday injuries.",154,https://pricelinepacificfair.com.au/how-to-treat-a-cut/,"index, follow, max-image-preview:large, max-snippet:-1, max-video-preview:-1",en-AU,1,HOW TO TREAT A CUT OR SCRAPE: STEP-BY-STEP FIRST AID,9,1146,Article WebPage WebSite Organization Person Pharmacy,,0,0,5167
nail-fungus-treatment,blog,https://pricelinepacificfair.com.au/nail-fungus-treatment/,200,Nail Fungus Treatment | Priceline Pacific Fair,46,"Nail fungus treatment myths vs facts: pharmacy nail lacquers, when you need a GP and why it takes months. Foot tips for humid Gold Coast summers and pools.",155,https://pricelinepacificfair.com.au/nail-fungus-treatment/,"index, follow, max-image-preview:large, max-snippet:-1, max-video-preview:-1",en-AU,1,"NAIL FUNGUS TREATMENT: MYTHS, FACTS AND WHAT WORKS",9,1042,Article WebPage WebSite Organization Person Pharmacy,,0,0,5055
dry-skin-remedies,blog,https://pricelinepacificfair.com.au/dry-skin-remedies/,200,Dry Skin Remedies Checklist | Priceline Pacific Fair,52,"Dry skin remedies that work: shower habits, choosing a moisturiser and when to see a GP. Tips for skin dried out by Gold Coast sun, salt water and air-con.",155,https://pricelinepacificfair.com.au/dry-skin-remedies/,"index, follow, max-image-preview:large, max-snippet:-1, max-video-preview:-1",en-AU,1,DRY SKIN REMEDIES: A PHARMACIST’S CHECKLIST,9,1141,Article WebPage WebSite Organization Person Pharmacy,,0,0,5209
acne-treatment-pharmacy,blog,https://pricelinepacificfair.com.au/acne-treatment-pharmacy/,200,Acne Treatment at the Pharmacy | Priceline Pacific Fair,55,"Acne treatment from the pharmacy: what helps, how long it takes and when to see a GP. Pharmacist tips on sunscreen and skincare for humid Gold Coast days.",154,https://pricelinepacificfair.com.au/acne-treatment-pharmacy/,"index, follow, max-image-preview:large, max-snippet:-1, max-video-preview:-1",en-AU,1,ACNE TREATMENT AT THE PHARMACY: WHAT ACTUALLY HELPS,8,1133,Article WebPage WebSite Organization Person Pharmacy,,0,0,5174
athletes-foot-treatment,blog,https://pricelinepacificfair.com.au/athletes-foot-treatment/,200,Athlete's Foot Treatment | Priceline Pacific Fair,49,"Athlete's foot treatment: pharmacy antifungal options, how long to use them and when to see a GP. Tips for humid Gold Coast summers, pools and gym showers.",155,https://pricelinepacificfair.com.au/athletes-foot-treatment/,"index, follow, max-image-preview:large, max-snippet:-1, max-video-preview:-1",en-AU,1,ATHLETE’S FOOT TREATMENT: HOW TO CLEAR IT FOR GOOD,10,1092,Article WebPage WebSite Organization Person Pharmacy,,0,0,5432
trouble-sleeping-tips,blog,https://pricelinepacificfair.com.au/trouble-sleeping-tips/,200,Trouble Sleeping Tips | Priceline Pacific Fair,46,"Trouble sleeping tips for hot, humid Gold Coast nights: routines, caffeine timing, when to see a GP and how our Pacific Fair pharmacists can help.",146,https://pricelinepacificfair.com.au/trouble-sleeping-tips/,"index, follow, max-image-preview:large, max-snippet:-1, max-video-preview:-1",en-AU,1,TROUBLE SLEEPING TIPS FROM YOUR LOCAL PHARMACIST,7,1286,Article WebPage WebSite Organization Person Pharmacy,,0,0,5186
sprain-vs-strain,blog,https://pricelinepacificfair.com.au/sprain-vs-strain/,200,Sprain vs Strain: First Aid | Priceline Pacific Fair,52,"Sprain vs strain explained, with RICE and No HARM first aid for ankles rolled on Gold Coast sand, plus the red flags that mean a GP visit or X-ray.",147,https://pricelinepacificfair.com.au/sprain-vs-strain/,"index, follow, max-image-preview:large, max-snippet:-1, max-video-preview:-1",en-AU,1,SPRAIN VS STRAIN: WHAT’S THE DIFFERENCE AND WHAT TO DO,8,1142,Article WebPage WebSite Organization Person Pharmacy,,0,0,4951
scabies-treatment-australia,blog,https://pricelinepacificfair.com.au/scabies-treatment-australia/,200,Scabies Treatment Australia | Priceline Pacific Fair,52,"Scabies treatment in Australia: pharmacy and GP options, treating your whole household, washing bedding, and advice for Gold Coast share houses.",144,https://pricelinepacificfair.com.au/scabies-treatment-australia/,"index, follow, max-image-preview:large, max-snippet:-1, max-video-preview:-1",en-AU,1,SCABIES TREATMENT AUSTRALIA: YOUR QUESTIONS ANSWERED,11,1205,Article WebPage WebSite Organization Person Pharmacy,,0,0,5097
haemorrhoids-treatment,blog,https://pricelinepacificfair.com.au/haemorrhoids-treatment/,200,Haemorrhoids Treatment | Priceline Pacific Fair,47,"Haemorrhoids treatment at home and from the pharmacy, why drinking water matters in Gold Coast heat, and when any bleeding means you should see a GP.",149,https://pricelinepacificfair.com.au/haemorrhoids-treatment/,"index, follow, max-image-preview:large, max-snippet:-1, max-video-preview:-1",en-AU,1,"HAEMORRHOIDS TREATMENT: MYTHS, FACTS AND HOME CARE",9,1105,Article WebPage WebSite Organization Person Pharmacy,,0,0,5028
mouth-ulcer-treatment,blog,https://pricelinepacificfair.com.au/mouth-ulcer-treatment/,200,Mouth Ulcer Treatment | Priceline Pacific Fair,46,"Mouth ulcer treatment: saltwater rinses, soft foods (skip the salty beach chips), pharmacy gels, and when an ulcer needs a Gold Coast dentist or GP.",148,https://pricelinepacificfair.com.au/mouth-ulcer-treatment/,"index, follow, max-image-preview:large, max-snippet:-1, max-video-preview:-1",en-AU,1,MOUTH ULCER TREATMENT: HOME CARE AND WHEN TO WORRY,8,1100,Article WebPage WebSite Organization Person Pharmacy,,0,0,4658
constipation-relief,blog,https://pricelinepacificfair.com.au/constipation-relief/,200,Constipation Relief: What Helps | Priceline Pacific Fair,56,"Constipation relief that works: fibre, fluids, toilet position and laxative types explained, plus tips for Gold Coast holidays and when to see a GP.",148,https://pricelinepacificfair.com.au/constipation-relief/,"index, follow, max-image-preview:large, max-snippet:-1, max-video-preview:-1",en-AU,1,CONSTIPATION RELIEF: A PHARMACIST’S CHECKLIST,8,1164,Article WebPage WebSite Organization Person Pharmacy,,0,0,5731
headache-relief,blog,https://pricelinepacificfair.com.au/headache-relief/,200,Headache Relief: Types & What Helps | Priceline Pacific Fair,60,"Headache relief explained: tension-type triggers like Gold Coast heat and dehydration, safe pain relief, medication-overuse headache and when to call 000.",154,https://pricelinepacificfair.com.au/headache-relief/,"index, follow, max-image-preview:large, max-snippet:-1, max-video-preview:-1",en-AU,1,HEADACHE RELIEF: YOUR QUESTIONS ANSWERED,9,1108,Article WebPage WebSite Organization Person Pharmacy,,0,0,5368
migraine-relief,blog,https://pricelinepacificfair.com.au/migraine-relief/,200,Migraine Relief: Step-by-Step | Priceline Pacific Fair,54,"Migraine relief step by step: spot the warning signs, act early, know your triggers like Gold Coast storms and glare, and when a headache means call 000.",153,https://pricelinepacificfair.com.au/migraine-relief/,"index, follow, max-image-preview:large, max-snippet:-1, max-video-preview:-1",en-AU,1,MIGRAINE RELIEF: WHAT TO DO WHEN AN ATTACK STARTS,9,1145,Article WebPage WebSite Organization Person Pharmacy,,0,0,5774
common-cold-remedies,blog,https://pricelinepacificfair.com.au/common-cold-remedies/,200,Common Cold Remedies: Myths & Facts | Priceline Pacific Fair,60,"Common cold remedies that ease symptoms, cold vs flu, why antibiotics don't help, and safe options for kids. Advice from our Pacific Fair pharmacists.",150,https://pricelinepacificfair.com.au/common-cold-remedies/,"index, follow, max-image-preview:large, max-snippet:-1, max-video-preview:-1",en-AU,1,"COMMON COLD REMEDIES: MYTHS, FACTS AND WHAT HELPS",10,1102,Article WebPage WebSite Organization Person Pharmacy,,0,0,5543
heartburn-relief,blog,https://pricelinepacificfair.com.au/heartburn-relief/,200,Heartburn Relief & GORD Tips | Priceline Pacific Fair,53,"Heartburn relief from our Broadbeach pharmacists: common triggers, eating and sleep tips, pharmacy reflux medicines, and when chest pain means call 000.",152,https://pricelinepacificfair.com.au/heartburn-relief/,"index, follow, max-image-preview:large, max-snippet:-1, max-video-preview:-1",en-AU,1,HEARTBURN RELIEF AND GORD: WHAT ACTUALLY HELPS,7,1047,Article WebPage WebSite Organization Person Pharmacy,,0,0,5386
